"VideoAnalysis: Time (s)","VideoAnalysis: X","VideoAnalysis: Y","VideoAnalysis: X Velocity","VideoAnalysis: Y Velocity"
0.633966666667,1,0.80078125,124.981861685,32.8681876413
0.667333333333,5.16796875,2.08984375,124.012058888,26.8644736269
6.47313333333,737.5,159.734375,120.859289761,26.0975223975
6.5065,722.65625,158.609375,-154.924194228,-37.7396592022
6.53986666667,709.15234375,153.09375,-371.945617232,-137.426186767
6.57323333333,694.22265625,146.88671875,-648.905131327,-233.204295704
6.6066,666.83203125,138.51171875,-855.33607018,-317.693374334
6.63996666667,635.40234375,124.2734375,-1027.92064706,-364.866253538
6.67333333333,600.6796875,113.85546875,-1255.5836091,-399.323983308
6.7067,550.02734375,98.23046875,-1443.33856248,-443.033528971
6.74006666667,502.37109375,82.69140625,-1581.37110286,-442.435168998
6.77343333333,447.7734375,69.06640625,-1787.88984453,-444.409106518
6.8068,380.7578125,52.4375,-1928.42639132,-419.069862429
6.84016666667,315.91015625,39.55078125,-1980.60077943,-348.960934898
6.87353333333,249.9375,28.35546875,-2051.17798868,-257.148450508
6.9069,177.671875,23.4921875,-2082.07482622,-193.371082043
6.94026666667,110.9609375,16.98046875,-2113.71961372,-167.670870796
6.97363333333,37.43359375,11.078125,-2157.39338786,-109.880354021
7.007,-34.01171875,7.953125,-2165.46149163,-7.58356227106
7.04036666667,-109.09765625,11.078125,-2114.03180153,86.1931037712
7.07373333333,-176.4609375,14.85546875,-2012.71059669,154.4906916
7.1071,-242.43359375,20.7578125,-1930.70926469,232.521384865
7.14046666667,-306.76953125,29.35546875,-1814.10386489,329.758132493
7.17383333333,-361.9375,45.328125,-1733.90411672,359.575320513
7.2072,-421.8828125,54.0078125,-1657.67500728,360.778544372
7.24056666667,-476.3984375,68.59375,-1486.00423014,376.004204129
7.27393333333,-521.3125,81.3984375,-1301.22481685,333.549913628
7.3073,-559.85546875,88.60546875,-1177.77404887,350.024324634
7.34066666667,-603.13671875,104.6640625,-883.41183556,329.80528586
7.37403333333,-630.09375,113.9140625,-368.221622128,220.498576944
7.4074,-639.12109375,129.10546875,12.3049151369,2.26352423618
7.64096666667,-627.56640625,119.12109375,187.058221726,-96.2985582126
7.67433333333,-595.703125,97.94140625,696.759295392,-312.975761218
7.7077,-559.5078125,86.74609375,1061.42392763,-308.625293977
7.74106666667,-518.53515625,78.7578125,1327.36729416,-330.525594197
7.77443333333,-470.66015625,65.60546875,1476.65485556,-350.515370047
7.8078,-419.6171875,54.0625,1611.60454129,-344.424455753
7.84116666667,-361.01953125,43.99609375,1704.41537629,-362.22566496
7.87453333333,-307.671875,27.41015625,1846.1128715,-307.33914523
7.9079,-243.00390625,21.55078125,2108.09047723,-200.157915002
7.94126666667,-161.66796875,15.6875,2227.33321366,-126.709228272
7.97463333333,-89.09765625,13.5625,2201.10943744,-63.0066548035
8.008,-17.1796875,10.4375,2208.78080253,22.5685772561
8.04136666667,57.8203125,14.60546875,2217.75295017,120.686605062
8.07473333333,133.43359375,19.8125,2162.69407676,185.111112845
8.1081,202.6171875,26.8984375,2082.90082314,246.212121212
8.14146666667,271.6328125,36.2734375,2017.14301324,301.830331127
8.17483333333,339.12109375,47.7734375,1904.04647436,341.900937604
8.2082,397.10546875,58.53515625,1825.05645396,391.067266067
8.24156666667,461.26171875,73.12109375,1732.84723089,453.602387196
8.27493333333,515.38671875,91.48046875,1561.23498897,442.080705753
8.3083,564.34765625,102.8984375,1401.81107955,415.28133325
8.34166666667,612.91796875,119.2578125,1140.47736118,378.817146395
8.37503333333,639.265625,128.63671875,915.46474359,328.720758408
8.4084,669.16796875,140.828125,808.003845113,286.861575924
8.44176666667,695.59765625,148.46875,613.04418238,213.355979958
8.47513333333,715.04296875,155.49609375,306.218846258,128.306751842
8.5085,721.55859375,160.2734375,-2.77147982226,5.20638215951
8.6086,715.09765625,158.40625,-223.371192609,-98.1351005765
8.64196666667,695.6953125,145.6015625,-614.855522082,-229.766164825
8.67533333333,664.140625,139.3515625,-924.246651786,-313.307298171
8.7087,628.765625,122.37890625,-1105.85052968,-334.323879246
8.74206666667,589.22265625,117.2109375,-1208.4627612,-347.211382368
8.77543333333,547.94140625,101.93359375,-1310.64898643,-429.993183899
8.8088,504.2734375,87.0859375,-1480.48566017,-470.06053842
8.84216666667,451.109375,69.3359375,-1697.69683442,-470.727189477
8.87553333333,387.30078125,53.09765625,-1822.17522061,-391.831475816
8.9089,327.66015625,43.4609375,-1884.87619152,-316.038128538
8.94226666667,263.546875,33.0859375,-1985.41367487,-266.96610681
8.97563333333,192.3671875,26.140625,-2019.9266879,-232.365290959
9.009,130.171875,17.15234375,-2091.02746212,-184.46072157
9.04236666667,55.25390625,12.375,-2211.70431131,-94.7717646936
9.07573333333,-21.44140625,10.640625,-2214.76440226,-0.29917998668
9.1091,-95.09765625,13.11328125,-2140.39866384,74.7787368881
9.14246666667,-166.23828125,16.93359375,-2004.80509074,115.333884865
9.17583333333,-225.61328125,19.79296875,-1949.34947865,183.322536838
9.2092,-295.1015625,28.0859375,-1927.629662,279.486138861
9.24256666667,-357.296875,38.4609375,-1825.98651349,369.448260073
9.27593333333,-416.6328125,54.43359375,-1723.00355894,411.304190601
9.3093,-474.23046875,68.3203125,-1555.01724838,381.405703671
9.34266666667,-519.98046875,78.00390625,-1383.82776078,389.317713536
9.37603333333,-568.24609375,95.36328125,-1155.46237617,367.240181693
9.4094,-600.01171875,103.390625,-835.466616717,321.348573302
9.44276666667,-623.2734375,115.8515625,-489.549512987,265.909871379
9.47613333333,-637.1640625,124.48828125,-116.450931881,133.451509428
9.5095,-630.99609375,130.4765625,46.6184206419,-35.2001514111
9.67633333333,-629.0234375,118.32421875,163.440075549,-123.275162338
9.7097,-613.01171875,105.82421875,588.63011988,-306.872814685
9.74306666667,-573.0390625,88.80859375,880.080856643,-320.718344156
9.77643333333,-546.30078125,81.515625,1023.39717574,-250.894938395
9.8098,-510.23046875,75.265625,1234.18248418,-244.712969322
9.84316666667,-463.703125,68.3203125,1436.8964369,-322.883496712
9.87653333333,-412.921875,51.34765625,1615.77680132,-346.69757326
9.9099,-354.2421875,43.015625,1745.41279033,-307.244838495
9.94326666667,-298.9921875,31.72265625,1926.09799055,-278.803228022
9.97663333333,-224.29296875,23.43359375,2064.18581419,-215.614463661
10.01,-157.23828125,17.48828125,2090.30552781,-152.051724317
10.0433666667,-86.66796875,11.23828125,2148.55782239,-32.6984213703
10.0767333333,-11.9296875,15.79296875,2149.52690539,70.5772092491
10.1101,56.8203125,17.91796875,2147.18224484,119.340295122
10.1434666667,130.73828125,24.25,2153.69591346,152.858209499
10.1768333333,202.39453125,27.80859375,2103.97350046,191.546734515
10.2102,270.7578125,35.015625,2056.1112065,282.848661755
10.2435666667,342.12109375,48.16796875,1939.88303363,340.697713745
10.2769333333,399.28515625,58.23828125,1838.0772873,385.288539585
10.3103,463.44140625,72.4765625,1764.81071012,457.078728563
10.3436666667,521.0390625,90.48828125,1591.61151349,475.803493382
10.3770333333,567.56640625,105.421875,1449.01322636,449.21875
10.4104,618.52734375,122.046875,1261.75907426,370.641728064
10.4437666667,659.11328125,131.76953125,889.975909507,255.457433192
10.4771333333,675.4296875,135.93359375,595.36166958,225.526426698
10.5105,691.97265625,144.2265625,494.33964473,262.175975067
10.5438666667,704.73828125,155.94921875,497.422499376,232.313259657
10.5772333333,728.34765625,162.50390625,409.987148268,120.065481394
10.6106,740.84765625,164.62890625,79.3282238595,-21.5116914336
10.6439666667,732.98828125,160.2421875,-259.925621254,-140.46175179
10.6773333333,719.875,153.9921875,-518.381358225,-216.375421454
10.7107,700.0859375,144.61328125,-797.812213828,-251.981091825
10.7440666667,666.0546875,136.62890625,-1022.46711622,-266.767737471
10.7774333333,626.16796875,127.25390625,-1092.05247877,-301.905126124
10.8108,587.359375,117.18359375,-1031.32869734,-353.812853813
10.8441666667,567.609375,106.4609375,-1231.39880952,-469.049179987
10.8775333333,513.7890625,80.80859375,-1641.51278409,-450.259376041
10.9109,445.078125,74.2109375,-1723.34501436,-364.180090743
10.9442666667,392.30078125,59.7109375,-1635.03813894,-351.178769148
10.9776333333,342.33984375,49.0703125,-1683.43050179,-301.573426573
11.011,286.48046875,41.78125,-1913.65925741,-314.425158175
11.0443666667,210.171875,27.97265625,-2046.14396021,-313.563389735
11.0777333333,148.75390625,18.640625,-2135.03943973,-255.132237554
11.1111,66.54296875,9.61328125,-2169.73456231,-148.842043373
11.1444666667,1.40234375,9.6953125,-2126.25590555,-55.7027607809
11.1778333333,-74.375,4.09765625,-2104.53934087,72.9251217532
11.2112,-140,15.125,-2050.45605436,184.421698094
11.2445666667,-209.36328125,21.25,-2033.59140859,173.12440164
11.2779333333,-278.87890625,22.4609375,-1923.31431589,261.258923368
11.3113,-340.7265625,38.47265625,-1744.7819108,346.076449592
11.3446666667,-392.3828125,48.50390625,-1634.05279616,353.936428155
11.3780333333,-445.2421875,62.78125,-1630.18947199,337.975826257
11.4114,-506.66015625,71.8515625,-1482.98316267,300.85799617
11.4447666667,-548.203125,79.44921875,-1206.87905844,347.673160173
11.4781333333,-586.13671875,95.37890625,-932.091996545,380.566698926
11.5115,-614.17578125,109.2265625,-567.209483225,304.272550366
11.5448666667,-619.99609375,115.046875,-321.911161755,232.339275308
11.5782333333,-631.109375,122.3359375,-208.356097028,213.978729604
11.6116,-634.5390625,131.671875,-105.935730936,142.734869297
11.6449666667,-637.2734375,131.671875,-32.0805496587,67.1561511405
11.6783333333,-636.234375,135.44921875,38.467391983,-1.48614406427
11.7117,-637.234375,135.44921875,170.418773934,-160.467787421
11.7450666667,-624.8984375,122.37890625,301.417332667,-249.135629995
11.7784333333,-614.17578125,114.43359375,382.091866467,-223.578504829
11.8118,-601.1484375,108.265625,540.732054404,-220.323296495
11.8451666667,-587.99609375,103.1015625,947.850977148,-302.448202839
11.8785333333,-538.73046875,90.94921875,1380.7253944,-450.109786047
11.9119,-481.828125,67.07421875,1453.99847548,-436.428805569
11.9452666667,-445.14453125,57.00390625,1587.21486846,-292.285839161
11.9786333333,-379.171875,51.79296875,1782.47858912,-250.563238844
12.012,-323.3515625,43.4609375,1904.1928124,-297.726362179
12.0453666667,-251.4765625,32.00390625,2004.26201403,-345.227688978
12.0787333333,-184.80859375,17.0703125,1963.35240281,-293.38174846
12.1121,-124.77734375,7.34765625,2028.71347403,-99.0480873293
12.1454666667,-47.6953125,13.16796875,2053.15843011,31.3878829504
12.1788333333,11.9453125,12.16796875,2087.33649163,83.5720269314
12.2122,89.25390625,19.11328125,2170.90851856,116.693202631
12.2455666667,162.0859375,20.1953125,2113.59603938,148.871310981
12.2789333333,229.3671875,25.40625,2067.93531989,276.31873335
12.3123,300.46484375,38.55859375,2010.45373897,402.660490551
12.3456666667,364.578125,56.18359375,1911.15850296,419.977158258
12.3790333333,424.56640625,67.6015625,1874.030917,400.110956752
12.4124,499.87109375,83.57421875,1578.21345321,366.941001707
12.4457666667,529.34375,88.78125,1299.25087933,410.881436272
12.4791333333,576.1796875,108.8359375,1272.63686834,499.041973651
12.5125,618.4140625,130.75390625,1158.46067995,367.627164502
12.5458666667,656.91796875,132.921875,970.026067682,244.296718906
12.5792333333,680.484375,141.25390625,817.922312063,255.847667957
12.6126,711.34765625,150.9765625,659.737398019,249.740493881
12.6459666667,730.40234375,161.30859375,344.860217907,157.108516484
12.6793333333,732.8359375,162.00390625,50.6264568765,29.8074321512
12.7127,733.875,163.00390625,-249.613667582,-95.2693140193
12.7460666667,717.59765625,157.14453125,-555.752840909,-241.324430778
12.7794333333,691.29296875,143.296875,-704.939591658,-283.092558483
12.8128,665.984375,134.30859375,-726.69517982,-223.607772436
12.8461666667,646.625,131.87890625,-833.476419414,-249.119370213
12.8795333333,612.33203125,120.8515625,-845.929098599,-303.100255872
12.9129,578.77734375,106.046875,-608.728107384,-227.612827409
12.9462666667,536.84375,90.765625,-81.9541293275,-3.27753830529
26.4264,-541.109375,77.390625,-75.6003680655,-2.91854758733
26.4597666667,-478.56640625,64.1953125,435.352649098,-100.824851364
26.4931333333,-478.56640625,64.1953125,1336.63927378,-240.22549215
26.5265,-376.56640625,46.48828125,2145.73512425,-360.32327048
26.5598666667,-308.078125,34.640625,1993.08503996,-290.05174513
26.5932333333,-248.6171875,26.30859375,1941.44072074,-191.371128871
26.6266,-187.89453125,24.22265625,2078.89116092,-139.795100733
26.6599666667,-108.03125,17.3203125,2194.76161859,-106.794247419
26.6933333333,-33.765625,15.5859375,2112.44484682,-36.8771853147
26.7267,32.38671875,16.625,2027.10700758,-3.45032571595
26.7600666667,98.09765625,13.140625,2022.13476628,92.4856393606
26.7934333333,167.11328125,21.515625,2027.68260385,217.022560773
26.8268,234.86328125,29.5,1988.68189103,283.697422369
26.8601666667,302.53125,42.65625,1863.50433421,290.224098818
26.8935333333,360.5625,50.9453125,1700.22360452,242.49838703
26.9269,415.03515625,53.72265625,1552.16528263,322.116035007
26.9602666667,461.48046875,72.12890625,1480.53118756,409.726991758
26.9936333333,517.03515625,85.3203125,1319.95283362,386.251118673
27.027,547.55078125,97.78125,1205.86770001,359.750926157
27.0603666667,601.98046875,109.93359375,966.884677822,306.818832209
27.0937333333,610.62109375,115.40625,760.616336788,319.065699925
27.1271,651.59375,134.50390625,585.59604458,244.273955211
27.1604666667,651.59375,134.50390625,362.300459957,96.5083093989
27.1938333333,672.0390625,137.28125,238.937494797,36.551989677
27.2272,672.0390625,137.28125,5.20638215951,-25.8693129787
27.2605666667,668.9140625,135.23828125,-130.133538337,-67.4911026474
27.2939333333,661.6640625,132.11328125,-231.175074925,-94.9603781635
27.3273,655.76171875,128.98828125,-393.050959457,-124.530417499
27.3606666667,637.484375,124.82421875,-617.874963578,-181.813629079
27.3940333333,616.38671875,116.8359375,-868.786161755,-235.305059524
27.4274,575.10546875,108.50390625,-1026.87351711,-272.022898976
27.4607666667,540.7734375,97.04296875,-1018.49972944,-269.349790834
27.4941333333,524.453125,92.18359375,-1423.91462704,-307.326137404
27.5275,441.89453125,78.29296875,-1726.58721487,-384.534085706
27.5608666667,393.41015625,63.79296875,-1633.67231727,-385.555200008
27.5942333333,340.9765625,50.55859375,-1715.68665709,-326.515931985
27.6276,279.90625,41.5703125,-1808.12676906,-252.680262446
27.6609666667,220.30859375,35.36328125,-1922.19239094,-220.573697136
27.6943333333,149.86328125,28.765625,-1978.5975743,-235.122949967
27.7277,86.625,16.61328125,-1979.29024101,-172.249625375
27.7610666667,17.9140625,15.91796875,-1981.83977481,-67.7480072011
27.7944333333,-46.5859375,13.8359375,-1965.06293186,-4.83891108891
27.8278,-109.390625,14.875,-2037.13278909,73.3966554279
27.8611666667,-183.6171875,20.65234375,-2068.83936376,104.247965576
27.8945333333,-254.1015625,20.22265625,-1921.00542686,177.511290793
27.9279,-311.05078125,30.515625,-1775.21371857,296.939388736
27.9612666667,-371.3828125,42.97265625,-1647.94190185,340.889579171
27.9946333333,-421.21875,54,-1519.47336518,356.564008908
28.028,-473.44140625,66.765625,-1377.58075258,360.801308067
28.0613666667,-513.59375,79.140625,-1223.88028638,339.110759033
28.0947333333,-553.13671875,88.515625,-1105.68793186,332.772696054
28.1281,-589.1640625,101.015625,-920.375197719,325.215149434
28.1614666667,-620.4140625,113.515625,-580.822172619,234.085575882
28.1948333333,-628.3203125,116.6015625,-233.77338807,140.770687646
28.2282,-629.3203125,120.03125,-73.9885114885,117.028154138
28.2615666667,-630.3203125,125.50390625,-5.22914585415,65.5171651265
28.2949333333,-630.3203125,125.50390625,61.5497783467,-12.0354905511
28.3283,-630.3203125,125.50390625,224.459785007,-108.849483849
28.3616666667,-611.6953125,116.25390625,291.066355519,-148.094093407
28.3950333333,-607.26171875,113.4765625,276.611409424,-128.231143856
28.4284,-596.5,108.61328125,377.597662754,-139.811360514
28.4617666667,-589.6796875,106.53125,704.594884282,-218.238792458
28.4951333333,-556.734375,97.15625,1237.05070971,-374.924554612
28.5285,-499.87109375,77.36328125,1578.3858069,-419.983662171
28.5618666667,-445.3984375,65.55859375,1733.93663628,-365.542660465
28.5952333333,-382.8984375,54.79296875,1807.52190518,-340.382273976
28.6286,-322.91015625,43.72265625,1812.38357996,-331.992226523
28.6619666667,-261.1015625,30.875,1806.79671891,-282.578749376
28.6953333333,-204.2421875,24.27734375,1847.98274642,-210.411333458
28.7287,-142.4765625,17.6796875,2003.74495296,-151.752544331
28.7620666667,-64.3515625,12.47265625,2001.16940351,-43.3518304612
28.7954333333,-6.40234375,14.5546875,1936.94001311,61.8099348568
28.8288,60.875,16.640625,1973.46273518,159.892191142
28.8621666667,122.68359375,29.8359375,2072.60187729,133.80174513
28.8955333333,199.890625,24.54296875,2132.60047244,126.270214161
28.9289,273.546875,36,1957.6647311,184.116014194
28.9622666667,334.26953125,37.73828125,1668.61133658,229.871040418
28.9956333333,377.32421875,47.4609375,1560.82199051,375.448119589
29.029,439.08984375,66.16796875,1448.5481966,424.429086538
29.0623666667,475.42578125,77.93359375,1322.65520937,413.882992008
29.0957333333,525.73046875,93.86328125,1233.01503184,390.420126748
29.1291,556.24609375,103.1953125,1157.46232934,372.33274538
29.1624666667,606.51171875,118.43359375,985.700497419,353.507169913
29.1958333333,628.7734375,132.28125,639.298852189,195.227949134
29.2292,642.359375,129.23828125,456.509636197,91.4320054945
29.2625666667,656.81640625,134.66796875,330.870301573,78.79815497
29.2959333333,669.31640625,136.7109375,95.8546661672,18.0678696304
29.3293,663.8046875,136.7109375,-162.815699925,-58.938457376
29.3626666667,656.24609375,132.54296875,-352.580362346,-129.460383367
29.3960333333,639.359375,125.68359375,-502.963833042,-137.918721903
29.4294,616.7890625,122.90625,-488.84709041,-129.957932692
29.4627666667,610.88671875,119.8203125,-561.437260656,-185.010302198
29.4961333333,579.0234375,108.4453125,-661.490202506,-199.936781968
29.5295,564.5234375,105.66796875,-744.089894481,-213.133220946
29.5628666667,546.24609375,100.50390625,-1243.68144876,-374.937562438
29.5962333333,473.67578125,80.09765625,-1535.41770729,-505.402800325
29.6296,429.6171875,57.53125,-1465.23398477,-394.127357018
29.6629666667,382.82421875,52.3203125,-1527.73008242,-229.139350233
29.6963333333,329.4375,48.15234375,-1632.52437666,-204.528544372
29.7297,272.57421875,39.29296875,-1731.01637945,-209.969067391
29.7630666667,216.05859375,32.0859375,-1879.60151827,-175.111346986
29.7964333333,145.61328125,28,-1984.22996275,-139.554455961
29.8298,82.36328125,22.875,-2047.02849234,-100.482200092
29.8631666667,8.91796875,19.4453125,-2095.46313062,-17.8044611638
29.8965333333,-59.79296875,22.9609375,-2071.13849692,32.4740363803
29.9299,-128.50390625,22.9609375,-2052.01048951,49.3094145438
29.9632666667,-199.25390625,25.04296875,-1955.34283425,95.422155969
29.9966333333,-260.58984375,28.86328125,-1809.15438728,156.386582168
30.03,-318.83984375,35.11328125,-1687.48894335,233.526239386
30.0633666667,-373.92578125,44.48828125,-1566.22999396,305.898528555
30.0967333333,-420.41015625,55.59765625,-1524.57893669,364.941048535
30.1301,-472.0234375,71.18359375,-1547.94749521,357.025786713
30.1634666667,-532.17578125,81.16796875,-1333.31512238,301.560418748
30.1968333333,-569.02734375,88.80859375,-906.645437895,302.522997836
30.2302,-587.0390625,100.87890625,-601.316001707,306.152181152
30.2635666667,-602.58203125,112.25390625,-471.088156635,229.871040418
30.2969333333,-624.02734375,118.37890625,-234.30345696,95.1132201132
30.3303,-616.77734375,116.29296875,-48.776093698,15.1801323676
30.3636666667,-621.90234375,117.3359375,-2.26010968198,-7.04373751249
30.3970333333,-618.125,117.3359375,57.1401254995,-58.2392867549
30.4304,-618.125,113.25390625,118.732179279,-107.620244339
30.4637666667,-610.875,109.78125,220.736294955,-154.890682234
30.4971333333,-607.09375,104.6953125,443.440023518,-248.325892857
30.5305,-583.83203125,92.93359375,748.756451881,-326.154964827
30.5638666667,-558.9140625,81.515625,1079.84788649,-352.990108849
30.5972333333,-506.484375,65.890625,1241.4343469,-279.193462787
30.6306,-465.5078125,61.765625,1167.0068213,-179.608802656
30.6639666667,-434.6484375,57.9453125,1270.70520625,-189.198822011
30.6973333333,-404.08984375,52.04296875,1933.39863262,-274.562676906
30.7307,-293.01953125,37.11328125,2261.41371649,-296.565413753
30.7640666667,-225.69921875,28.0859375,1884.65505848,-206.678087537
30.7974333333,-178.171875,24.61328125,1731.11393815,-135.866737429
30.8308,-124.04296875,21.140625,1913.92591783,-113.896520147
30.8641666667,-44.5703125,14.890625,2002.45717824,-42.5290854978
30.8975333333,15.0703125,18.015625,1941.77242029,38.3047941642
30.9309,81.265625,18.015625,1951.27463682,105.340622919
30.9642666667,149.3203125,24.91796875,1865.35144543,170.669174575
30.9976333333,201.671875,31.16796875,1886.01437625,190.317495005
31.031,272.8515625,36.72265625,1942.91060502,231.097027972
31.0643666667,339.08984375,45.40625,1787.72724671,297.014183733
31.0977333333,395.296875,58.2109375,1552.14251894,322.106279138
31.1311,440.3984375,67.5859375,1363.8477408,330.948348526
31.1644666667,478.55078125,79.04296875,1352.88864781,358.1151921
31.1978333333,537.23046875,91.50390625,1175.73507222,373.165246212
31.2312,567.3984375,108.4765625,737.937193015,270.790407509
31.2645666667,576.38671875,109.515625,548.318868631,168.444836414
31.2979333333,599.99609375,115.765625,474.297837579,165.589618715
31.3313,610.06640625,120.5859375,376.875728438,167.635099276
31.3646666667,625.3046875,128.53125,266.081574675,129.235998377
31.3980333333,630.12109375,130.61328125,71.344670954,34.9422712704
31.4314,631.12109375,131.65625,-151.274506743,-82.222465035
31.4647666667,622.13671875,126.8359375,-437.872674201,-238.15377331
31.4981333333,597.13671875,110.86328125,-612.662077506,-263.740166084
31.5315,584.71875,108.8203125,-844.962329337,-263.401962621
31.5648666667,541.3984375,94.9765625,-1061.41254579,-291.189929862
31.5982333333,500.12109375,85.98828125,-965.3432505,-243.060975483
31.6316,483.84375,80.78125,-1038.36593094,-248.686860015
31.6649666667,448.42578125,72.79296875,-1538.31845238,-331.686542624
31.6983333333,364.4375,54.73828125,-1635.12594177,-318.974645147
31.7317,333.57421875,49.5703125,-1578.9223797,-245.844650142
31.7650666667,267.8671875,40.1953125,-1715.95006556,-217.461574883
31.7984333333,217.6015625,33.59765625,-1819.09886988,-159.823900058
31.8318,148.84765625,33.9453125,-1979.35202818,-212.983630952
31.8651666667,77.75,17.7109375,-1929.28165584,-215.081142816
31.8985333333,17.984375,14.5859375,-1824.92637571,-85.8581522644
31.9319,-35.7109375,13.54296875,-1910.78452797,13.3232652764
31.9652666667,-111.87890625,16.23828125,-1943.29758783,92.7100243506
31.9986333333,-171.171875,21.09765625,-1829.66122419,130.234348984
32.032,-230.8515625,24.91796875,-1776.60230395,163.827058358
32.0653666667,-290.8828125,30.0859375,-1687.1572438,242.914637446
32.0987333333,-343.53515625,43.27734375,-1589.3741675,261.23941163
32.1321,-397.3984375,48.3203125,-1463.50394397,258.410209582
32.1654666667,-445.66015625,61.125,-1223.77622378,237.626956377
32.1988333333,-477.26171875,62.16796875,-1034.78227502,260.27032863
32.2322,-510.55078125,78.4453125,-951.94193827,284.653497544
32.2655666667,-541.06640625,85.390625,-865.553717116,200.720503455
32.2989333333,-571.49609375,88.8203125,-694.471544081,185.641181735
32.3323,-589.12109375,98.15625,-467.397186147,154.637029637
32.3656666667,-601.27734375,100.890625,-264.611690393,83.913482351
32.3990333333,-606.7890625,102.93359375,-64.2131306194,28.874120671
32.4324,-606.7890625,102.93359375,161.638491717,-28.4871378621
32.4657666667,-594.02734375,100.8515625,348.167457542,-74.6063832001
32.4991333333,-584.3046875,97.03125,537.769522145,-97.0936615468
32.5325,-560.734375,94.25390625,763.026036464,-120.338645729
32.5658666667,-523.58203125,90.43359375,758.674918831,-187.176105145
32.5992333333,-510.078125,83.18359375,769.731570513,-284.54943494
32.6326,-488.59375,70.765625,1169.51082771,-348.460133616
32.6659666667,-425.74609375,54.4453125,1384.62449009,-261.590622919
32.6993333333,-379.5625,51.66796875,1216.79752539,-131.138392857
32.7327,-346.96484375,50.625,1125.18341034,-125.889735265
32.7660666667,-330.9921875,45.765625,1680.49723714,-201.887955794
32.7994333333,-230.296875,35.04296875,2130.90295122,-234.283945221
32.8328,-160.50390625,30.875,1852.02167624,-267.551458958
32.8661666667,-114.3203125,14.5546875,1709.51119193,-215.890879953
32.8995333333,-52.25,12.47265625,1702.08372357,-52.5873865718
32.9329,-2.33203125,13.515625,1779.13557796,58.1124604562
32.9662666667,64.29296875,16.640625,1911.42841533,148.377013611
32.9996333333,131.9609375,23.9296875,1850.26887175,203.910672661
33.033,188.86328125,35.04296875,1741.57873377,139.499172702
33.0663666667,249.7109375,31.34765625,1588.48313145,120.315882035
33.0997333333,293.03125,38.29296875,1501.26891338,223.324852231
33.1331,343.6875,49.36328125,1571.89165002,256.839514652
33.1664666667,399.6875,55.61328125,1587.24738803,284.539679071
33.1998333333,457.0234375,68.3359375,1391.14466263,300.818972694
33.2332,495.17578125,76.7109375,1098.58891109,288.393247378
33.2665666667,529.85546875,87.12890625,823.144954004,285.147794913
33.2999333333,546.17578125,96.4609375,670.036343864,261.05079816
33.3333,568.359375,104.1015625,684.036016067,245.945460789
33.3666666667,595.44140625,113.0859375,614.405126124,222.524870962
33.4000333333,614.5390625,120.03125,416.747965576,171.40086476
33.4334,619.3984375,123.80859375,296.471107018,133.918815559
33.4667666667,632.59375,129.015625,200.931880619,83.120004995
33.5001333333,638.45703125,131.1015625,-46.1062375125,-20.4808212621
33.5335,632.94140625,130.05859375,-381.171562812,-184.155037671
33.5668666667,610.06640625,117.2109375,-654.105009574,-306.66599026
33.6002333333,584.0234375,105.8359375,-796.17647977,-321.075408966
33.6336,562.76171875,97.15625,-1051.79651078,-348.450377747
33.6669666667,514.23046875,80.48828125,-1293.97620609,-317.02347132
33.7003333333,463.96484375,74.62890625,-1226.08186085,-249.155141733
33.7337,435.96484375,67.375,-1240.44575216,-269.044106935
33.7670666667,389.08984375,54.53125,-1453.06191205,-241.204108392
33.8004333333,336.66015625,52.4453125,-1626.89198822,-247.376321595
33.8338,279.32421875,38.98828125,-1762.44653784,-266.770989427
33.8671666667,216.4765625,32.04296875,-1821.82075737,-214.212870463
33.9005333333,156.09765625,23.36328125,-1829.06286422,-127.714082792
33.9339,99.54296875,24.0546875,-1953.0729687,-51.8166729104
33.9672666667,21.109375,23.015625,-1953.59328172,-62.1253746254
34.0006333333,-33.36328125,18.84765625,-1887.63059857,-48.0053800366
34.034,-102.29296875,19.4609375,-1866.00183671,-19.9995317183
34.0673666667,-158.8515625,15.98828125,-1822.21749605,57.7157217782
34.1007333333,-225.51953125,21.890625,-1731.92367528,171.313061938
34.1341,-272.6171875,29.140625,-1669.93163087,235.282295829
34.1674666667,-340.9375,39.59765625,-1513.95804716,245.067432567
34.2008333333,-373.92578125,45.84765625,-1349.02857559,236.794455544
34.2342,-424.23046875,53.140625,-1351.33746462,279.466627123
34.2675666667,-469.5078125,66.25,-1212.36836081,280.523512945
34.3009333333,-505.6640625,73.11328125,-1055.66959083,244.657686064
34.3343,-541.42578125,80.66796875,-836.907233392,246.560080544
34.3676666667,-561.83203125,92.34765625,-604.411864177,178.06087142
34.4010333333,-581.9296875,92.34765625,-365.809320887,114.446100774
34.4344,-586.74609375,97.90625,-125.649090493,98.6058212621
34.4677666667,-587.74609375,100.640625,54.3401910589,34.5130130286
34.5011333333,-581.88671875,100.640625,208.70405636,-41.4884594572
34.5345,-579.84375,99.59765625,482.798451548,-156.676006285
34.5678666667,-546.55078125,87.4453125,665.145401474,-198.967698968
34.6012333333,-522.94140625,83.28125,531.880229146,-160.916557401
34.6346,-519.24609375,80.54296875,586.529356061,-214.609609141
34.6679666667,-488.81640625,68.78125,782.921505578,-261.837771603
34.7013333333,-461.81640625,61.91796875,885.507721445,-278.546323468
34.7347,-436.6328125,48.890625,1146.7829046,-248.930756743
34.7680666667,-381.8984375,43.72265625,1311.18230728,-172.555309274
34.8014333333,-340.96484375,38.16796875,1285.47234016,-126.20842699
34.8348,-304.546875,37.125,1465.28601607,-125.541775932
34.8681666667,-246.64453125,32.390625,1727.64410069,-193.029626623
34.9015333333,-183.8359375,19.1953125,1845.87547869,-132.429419539
34.9349,-119.6015625,23.66796875,1842.66254579,-72.58691829
34.9682666667,-57.140625,16.72265625,1739.0487117,-61.0099535881
35.0016333333,-9.3046875,18.8046875,1773.11945867,-28.200965701
35.035,56.58203125,12.9453125,1919.68188062,46.9972735598
35.0683666667,128.375,21.625,1826.33122086,134.270026848
35.1017333333,178.6015625,25.4453125,1715.68340514,136.126893939
35.1351,239.9765625,28.5703125,1655.1092137,188.174455753
35.1684666667,290.62890625,36.2109375,1557.89522977,277.047171578
35.2018333333,345.01953125,50.015625,1444.98405241,291.17367008
35.2352,386.51953125,56.91796875,1345.02866925,275.804924242
35.2685666667,430.578125,66.98828125,1351.82200612,284.403096903
35.3019333333,479.49609375,73.5859375,1278.34079983,344.33665293
35.3353,518.99609375,94.98828125,1112.41297765,283.31043956
35.3686666667,555.71875,92.90625,883.276879371,207.136613387
35.4020333333,577.203125,103.66796875,665.161661255,252.429861805
35.4354,596.87109375,113.30859375,525.054372711,208.398372461
35.4687666667,615.58203125,118.515625,306.744037213,139.934934857
35.5021333333,618.359375,122.6015625,72.6584613303,59.3839753996
35.5355,616.359375,122.6015625,-50.717511655,-17.7621857309
35.5688666667,613.31640625,120.55859375,-143.466559482,-75.9299294456
35.6022333333,608.1484375,116.4765625,-270.458707959,-106.914569805
35.6356,603.63671875,116.4765625,-579.316516816,-199.897758491
35.6689666667,561.31640625,100.80859375,-716.630374833,-240.300064519
35.7023333333,545.73046875,96.29296875,-629.126732642,-182.707917083
35.7357,544.73046875,96.29296875,-1147.6023976,-303.388018232
35.7690666667,463.91015625,74.11328125,-1522.4163857,-364.632112679
35.8024333333,420.89453125,64.73828125,-1346.97659112,-250.166500167
35.8358,382.78515625,59.875,-1359.9486451,-186.844405594
35.8691666667,335.94921875,56.05859375,-1516.8327766,-208.78535527
35.9025333333,284.2109375,44.640625,-1770.42683879,-215.351055195
35.9359,214.765625,38.390625,-1921.82817183,-143.671432734
35.9692666667,147.4453125,39.47265625,-1840.77641109,-172.685387529
36.0026333333,90.9296875,26.27734375,-1689.30353501,-182.555075133
36.036,40.234375,23.15234375,-1696.56190164,-87.243485681
36.0693666667,-28.73828125,22.11328125,-1584.1710373,-26.5847433816
36.1027333333,-49.5703125,21.0703125,-1875.46828172,47.0980842075
36.1361,-155.0859375,26.27734375,-2116.80897228,95.0546848984
36.1694666667,-209.171875,26.27734375,-1868.49608725,166.080664128
36.2028333333,-276.53515625,36,-1674.63070783,259.737007784
36.2362,-322.671875,48.80859375,-1428.49012966,212.89582813
36.2695666667,-360.828125,50.890625,-1479.44178218,146.949404762
36.3029333333,-422.41015625,56.4453125,-1489.95535714,133.951335123
36.3363,-472.63671875,57.48828125,-1181.42924784,183.683503996
36.3696666667,-500.328125,69.59765625,-874.668950841,219.217631327
36.4030333333,-527.0234375,75.15625,-663.051141567,175.459306319
36.4364,-541.95703125,78.28125,-533.265562562,195.058847403
36.4697666667,-563.359375,89.6953125,-389.955096986,165.596122627
36.5031333333,-572.0390625,92.43359375,-145.011238761,55.2832584083
36.5365,-571.0390625,92.43359375,41.771379662,-35.1243808275
36.5698666667,-565.95703125,89.30859375,146.793310856,-99.8838401182
36.6032333333,-560.09375,83.8359375,218.921703297,-104.173170579
36.6366,-556.31640625,81.79296875,409.759511322,-88.3166312854
36.6699666667,-532.70703125,79.015625,592.935710123,-94.9018429487
36.7033333333,-510.83203125,75.1953125,628.840560481,-96.5180652681
36.7367,-490.69140625,72.0703125,655.743995588,-91.591351357
36.7700666667,-471.2890625,69.98828125,796.495171495,-111.694945679
36.8034333333,-437.953125,65.8203125,970.442318099,-168.812307484
36.8368,-408.78515625,58.22265625,1238.76449072,-217.048576424
36.8701666667,-356.7421875,52.015625,1541.43707855,-272.829384157
36.9035333333,-309.51953125,38.47265625,1907.94882201,-283.261660215
36.9369,-218.89453125,30.140625,1940.62447969,-209.097543082
36.9702666667,-170.28125,27.0546875,1712.89647852,-188.893138112
37.0036333333,-102.265625,15.9453125,1436.63302843,-125.018210956
37.037,-94.28125,18.02734375,1635.80885261,-45.325767982
37.0703666667,5.4140625,14.2109375,1906.95697532,9.27783154346
37.1037333333,59.23828125,17.3359375,1558.51635344,103.197583666
37.1371,88.36328125,20.4609375,1712.64282592,209.552816975
37.1704666667,166.79296875,30.875,1994.55492424,313.342256702
37.2038333333,240.05859375,45.11328125,1834.80581918,313.65769647
37.2372,291.01953125,55.18359375,1589.1953099,220.57044518
37.2705666667,340.671875,55.18359375,1469.67290522,239.893569972
37.3039333333,388.2421875,71.15625,1387.39190497,263.954795205
37.3373,427.4375,73.93359375,1447.32220904,259.844322344
37.3706666667,495.0234375,88.8203125,1246.36431277,244.719473235
37.4040333333,513.69140625,92.515625,961.86040522,172.070767774
37.4374,549.453125,96.3359375,905.230836871,199.793695887
37.4707666667,577.88671875,106.36328125,757.016421079,212.040563603
37.5041333333,602.4140625,112.91796875,560.83239677,161.040131743
37.5375,614.87109375,117.00390625,363.071173618,103.805699509
37.5708666667,624.1640625,120.8203125,216.433956668,18.9426458958
37.6042333333,630.37109375,116.73828125,31.2675605644,-29.0887497919
37.6376,632.37109375,118.78125,-317.781177156,-75.2632783883
37.6709666667,608.49609375,113.91796875,-614.866903929,-161.59946824
37.7043333333,585.234375,105.5859375,-735.963255495,-186.44441496
37.7377,546.81640625,97.68359375,-542.221450425,-123.896286006
37.7710666667,560.48046875,102.62890625,-635.451787796,-186.011904762
37.8044333333,517.12109375,87.34765625,-1064.4010937,-296.656468531
37.8378,477.96484375,76.28125,-1229.33056527,-249.773013445
37.8711666667,434.2578125,71.41796875,-1370.16629204,-218.264808109
37.9045333333,386.9921875,65.16796875,-1483.35713765,-265.626300783
37.9379,336.37890625,53.40625,-1619.68240093,-309.87892316
37.9712666667,275.6171875,42.29296875,-1677.26154054,-294.497169497
38.0046333333,223.265625,32.34765625,-1700.83822428,-235.802608849
38.038,167.75390625,27.140625,-1861.66697885,-188.483391608
38.0713666667,95.265625,21.27734375,-1925.01183712,-178.685247045
38.1047333333,38.0546875,14.6796875,-1949.17062105,-147.284356269
38.1381,-35.16796875,9.47265625,-1936.08474858,-54.6328671329
38.1714666667,-94.11328125,8.4296875,-1849.60872461,94.99940164
38.2048333333,-158.57421875,17.8046875,-1755.56214619,185.299726315
38.2382,-206.83984375,28.18359375,-1754.87923535,90.7555985681
38.2715666667,-281.14453125,19.890625,-1623.64003184,94.3652701465
38.3049333333,-318.2578125,28.22265625,-1402.36716409,247.249495296
38.3383,-367.5625,40.3359375,-1362.31606935,302.955508034
38.3716666667,-414.703125,53.8359375,-1209.71801636,226.14429841
38.4050333333,-441.74609375,53.8359375,-1211.831788,176.532451923
38.4384,-493.44140625,59.73828125,-1221.99415168,269.674986472
38.4717666667,-541.0546875,75.48828125,-790.550595238,275.359406219
38.5051333333,-544.7890625,81.6953125,-393.915979853,188.808587246
38.5385,-551.38671875,85.8203125,-390.878652597,143.925085331
38.5718666667,-573.26171875,91.03125,-361.464707168,104.891852939
38.6052333333,-582.46875,93.765625,-171.654517358,50.3793081918
38.6386,-582.46875,93.765625,13.1411557193,6.50716471029
38.6719666667,-582.46875,93.765625,235.279043873,-29.2285839161
38.7053333333,-574.87109375,93.765625,634.911963037,-110.413674867
38.7387,-530.7734375,85.43359375,813.815091159,-168.529387279
38.7720666667,-514.109375,80.91796875,831.466710373,-183.283513362
38.8054333333,-490.1484375,74.66796875,1183.55277535,-228.950736763
38.8388,-428.73046875,64.25,1348.46273518,-237.028596404
38.8721666667,-387.7578125,59.04296875,1210.43995067,-250.885182526
38.9055333333,-350.64453125,47.93359375,1122.78021458,-263.336923493
38.9389,-322.91015625,40.29296875,1279.38142587,-232.430330087
38.9722666667,-264.6171875,29.52734375,1460.46986867,-130.946527431
39.0056333333,-217.43359375,31.265625,1449.31891026,-26.5814914252
39.039,-177.15625,34.04296875,1643.5842803,-84.4045277639
39.0723666667,-103.1953125,24.66796875,1721.30603771,-124.871872919
39.1057333333,-56.015625,22.23828125,1630.6805174,-74.5901234183
39.1391,-2.5859375,20.15234375,1715.25414689,-21.9702172827
39.1724666667,68.20703125,19.11328125,1557.16679154,72.8503267566
39.2058333333,99.765625,27.09765625,1462.7787577,109.268986222
39.2392,156.3203125,28.48828125,1594.7561553,93.0482278138
39.2725666667,209.1015625,30.91796875,1668.56580919,134.520427489
39.3059333333,272.9921875,36.8203125,1608.58672577,193.078405969
39.3393,314.65625,44.41796875,1565.69016921,243.929247836
39.3726666667,377.76953125,53.75,1493.13902244,272.260291792
39.4060333333,417.66015625,61.73828125,1334.67118819,314.782873377
39.4394,468.35546875,76.66796875,1148.67554321,310.561833999
39.4727666667,489.53515625,82.53125,1065.73114386,297.86944826
39.5061333333,536.2890625,94.3359375,1044.32026307,325.325715951
39.5395,572.01171875,108.5703125,718.184809982,242.475623335
39.5728666667,583.46875,112.04296875,424.692495005,126.579150017
39.6062333333,584.46875,112.04296875,504.664606227,123.02150974
39.6396,621.62109375,120.03125,480.453791001,124.725534882
39.6729666667,631.56640625,126.23828125,80.463156635,-14.2890963203
39.7063333333,620.45703125,117.2109375,-199.400209166,-114.742028805
39.7397,614.2890625,115.12890625,-380.579706752,-125.314138986
39.7730666667,601.13671875,111.00390625,-662.556844197,-170.389506327
39.8064333333,561.8984375,101.28125,-728.356929529,-145.277899184
39.8398,547.35546875,100.23828125,-677.71421287,-101.441527223
39.8731666667,526.5234375,97.11328125,-882.057395729,-126.614921537
39.9065333333,492.8828125,93.640625,-1213.54882097,-205.806563228
39.9399,443.35546875,82.87890625,-1496.54707272,-281.271462912
39.9732666667,387.4921875,73.5,-1608.99322032,-323.185928655
40.0066333333,332.28515625,62.390625,-1585.12060856,-377.210679945
40.04,280.93359375,47.80859375,-1565.49179987,-397.463864261
40.0733666667,229.28125,30.79296875,-1587.37096237,-283.261660215
40.1067333333,190.0859375,28.015625,-1973.69362408,-142.100737804
40.1401,82.140625,26.27734375,-1976.53908591,-125.919002872
40.1734666667,48.8046875,19.72265625,-1732.62934982,-119.938655095
40.2068333333,-17.86328125,16.59765625,-1840.94876478,-76.0535037879
40.2402,-80.3203125,13.77734375,-1797.95139756,-0.744698010323
40.2735666667,-140.69921875,16.5546875,-1715.41999667,79.2339171245
40.3069333333,-190.6171875,19.3359375,-1715.93705773,148.962365759
40.3403,-253.76953125,26.9296875,-1735.64391338,202.138356435
40.3736666667,-311.3671875,33.875,-1623.42865468,224.928066725
40.4070333333,-368.2734375,41.86328125,-1342.51165501,241.197604479
40.4404,-395.703125,49.80859375,-1175.13020833,257.967943515
40.4737666667,-444.96875,60.91796875,-1061.53612013,228.781635032
40.5071333333,-470.62109375,63.6953125,-855.137700841,229.152358059
40.5405,-497.31640625,75.84765625,-768.404772311,236.625353813
40.5738666667,-525.09375,81.75390625,-610.610093032,187.738693598
40.6072333333,-536.1640625,86.91796875,-507.529579795,169.797650266
40.6406,-554.87109375,93.515625,-488.84709041,133.993610556
40.6739666667,-576.0546875,97.3359375,-276.617913337,59.2961725774
40.7073333333,-576.0546875,97.3359375,20.3474910506,-15.8890588578
40.7407,-572.62109375,96.29296875,271.011540543,-87.4353511072
40.7740666667,-557.34375,90.47265625,490.612902722,-126.390536547
40.8074333333,-535.20703125,86.34765625,568.064747752,-123.717428405
40.8408,-520.2734375,83.22265625,681.057224026,-150.214368964
40.8741666667,-490.80078125,77.36328125,804.647826132,-199.240863303
40.9075333333,-472.7890625,70.765625,1092.37442245,-267.814867424
40.9409,-407.85546875,55.8359375,1139.89526099,-239.308217824
40.9742666667,-400.21484375,54.79296875,1249.3886322,-200.314008908
41.0076333333,-329.73046875,43.68359375,1467.42905532,-189.32564831
41.041,-287.41015625,40.55859375,1316.48299617,-143.095836455
41.0743666667,-249.296875,36.73828125,1362.91442932,-165.368485681
41.1077333333,-201.03125,28.75,1499.32099151,-165.60262654
41.1411,-147.94921875,24.5859375,1632.66421079,-140.34468136
41.1744666667,-85.8359375,19.72265625,1622.21242299,-116.911083708
41.2078333333,-45.59765625,16.640625,1759.99131077,-80.2225118631
41.2412,25.890625,13.515625,2016.44384262,-16.7605831668
41.2745666667,97.375,13.515625,2015.27313832,94.3685221029
41.3079333333,171.55859375,21.4609375,1738.45685564,166.197734557
41.3413,215.265625,27.36328125,1413.04008492,173.404069888
41.3746666667,241.30859375,29.40234375,1683.5865957,258.221596112
41.4080333333,335.3671875,43.98828125,1773.38286713,347.90079712
41.4414,381.5078125,58.91796875,1322.72675241,281.795027889
41.4747666667,408.9375,61.6953125,1190.23879766,234.648164336
41.5081333333,458.9375,70.72265625,1087.72737679,274.351299742
41.5415,489.10546875,82.53125,846.559039918,263.242616758
41.5748666667,512.94140625,89.390625,682.449061355,227.744260947
41.6082333333,526.1328125,94.59765625,726.148851149,258.374438062
41.6416,560.7734375,108.40625,784.635286588,239.942349317
41.6749666667,589.94140625,113.61328125,553.821178821,149.137971404
41.7083333333,598.19140625,116.6953125,296.903617216,96.1408383283
41.7417,601.58203125,117.6953125,209.471518065,85.5914918415
41.7750666667,615.08203125,124.640625,56.7433868215,18.4808680902
41.8084333333,615.08203125,124.640625,-321.182723526,-183.07864011
41.8418,584.953125,106.62890625,-498.066386738,-234.687187812
41.8751666667,576.31640625,103.50390625,-537.603672369,-143.658424908
41.9085333333,559.34375,101.4609375,-809.444461788,-149.547717907
41.9419,519.41015625,95.55859375,-1020.52895022,-209.403226981
41.9752666667,486.8125,85.8359375,-1152.10635718,-244.095097611
42.0086333333,449.35546875,78.890625,-1414.81890505,-262.019881161
42.042,392.7578125,69.55859375,-1649.6751946,-299.313316891
42.0753666667,322.65625,56.015625,-1480.73280886,-263.148310023
42.1087333333,296.6171875,51.84765625,-1375.8799794,-227.474348568
42.1421,248.69921875,43.86328125,-1715.73543644,-264.429580836
42.1754666667,175.390625,34.22265625,-1913.33731373,-294.689034923
42.2088333333,114.36328125,21.02734375,-1939.31068931,-237.168430528
42.2422,47.734375,15.515625,-1963.09875021,-95.4546755328
42.2755666667,-19.97265625,16.5546875,-1886.5249334,1.2845227689
42.3089333333,-77.9609375,17.25,-1815.09245962,50.0508605977
42.3423,-140.296875,20.375,-1746.48593594,73.7283549784
42.3756666667,-195.46484375,22.11328125,-1651.65238407,101.13909528
42.4090333333,-253.41015625,26.97265625,-1488.21230852,140.035745504
42.4424,-292.296875,29.0546875,-1384.53018336,232.531140734
42.4757666667,-342.91015625,43.25,-1367.19400391,302.799414128
42.5091333333,-386.2734375,54.36328125,-1280.38628039,238.930990884
42.5425,-425.46875,56.4453125,-1239.96121066,229.487309565
42.5758666667,-475.7734375,69.640625,-998.292072511,212.408034674
42.6092333333,-497.953125,73.4609375,-615.783955628,130.644095488
42.6426,-511.109375,76.5859375,-387.145406677,94.8595675158
42.6759666667,-515.19140625,78.5859375,-389.288445929,90.2840648934
42.7093333333,-538.76171875,82.36328125,-371.545771936,97.5034080503
42.7427,-546.3984375,86.09765625,-172.987819472,67.4390713453
42.7760666667,-549.1796875,88.18359375,34.5292728105,-9.69733391608
42.8094333333,-549.1796875,88.18359375,366.258090867,-153.703718157
42.8428,-523.17578125,76.41796875,612.512487512,-245.857657967
42.8761666667,-495.44140625,66,547.187187812,-186.314336705
42.9095333333,-485.71875,63.91796875,442.142492924,-112.696548243
42.9429,-484.67578125,63.22265625,775.637123293,-147.993282759
42.9762666667,-422.5234375,51.765625,868.597548285,-143.655172952
43.0096333333,-416.92578125,51.765625,754.418107934,-102.914663462
43.043,-395.78515625,50.72265625,1218.95032051,-206.108995171
43.0763666667,-331.6328125,36.140625,1563.60241321,-257.281780719
43.1097333333,-279.28515625,30.9296875,1575.67042333,-237.048108142
43.1431,-217.82421875,18.77734375,1352.18297328,-168.516379454
43.1764666667,-190.12890625,19.8203125,1162.46058629,-99.148897977
43.2098333333,-165.4765625,16,1632.06910277,-125.470232892
43.2432,-72.41796875,8.70703125,1905.83505037,-81.8484900516
43.2765666667,-27.015625,8.70703125,1886.61924013,4.79338369963
43.3099333333,49.33203125,10.4453125,1912.18612117,65.7643138112
43.3433,106.93359375,14.22265625,1754.52802406,98.6708603896
43.3766666667,163.09765625,15.265625,1684.11991654,167.944035132
43.4100333333,219.3515625,25.6796875,1601.97875042,233.311610265
43.4434,272.12890625,32.9296875,1477.47434857,244.833291708
43.4767666667,315.796875,39.875,1404.14598422,297.462953713
43.5101333333,365.7578125,54.765625,1323.84867736,289.729801449
43.5435,405.6875,62.05859375,1216.84955669,217.035568598
43.5768666667,448.08984375,66.91796875,1084.60549867,203.029392483
43.6102333333,472.66015625,72.0859375,1076.46585186,280.42920621
43.6436,522.23046875,87.62890625,1006.35367237,310.861013986
43.6769666667,546.453125,94.91796875,766.551157176,280.608063811
43.7103333333,569.24609375,106.640625,619.536713287,230.576714952
43.7437,586.9140625,110.80859375,487.721913503,161.892144314
43.7770666667,602.96875,116.7109375,322.538789336,110.052707709
43.8104333333,610.484375,118.79296875,99.6366914336,40.5356362388
43.8438,612.484375,119.8359375,-193.722293332,-39.6120806277
43.8771666667,592.0390625,115.66796875,-345.64719135,-106.332469614
43.9105333333,587.9140625,112.62890625,-440.113272145,-160.110072219
43.9439,565.38671875,103.59765625,-598.20713141,-176.054414336
43.9772666667,544.203125,99.43359375,-665.129141692,-151.388325216
44.0106333333,526.53515625,96.30859375,-894.788804945,-204.674882409
44.044,483.828125,85.1953125,-1121.49569181,-247.425100941
44.0773666667,455.0078125,81.72265625,-1415.07255765,-329.680085539
44.1107333333,387.60546875,60.54296875,-1646.75818973,-334.518996628
44.1441,331.78515625,54.3359375,-1533.24540043,-225.087412587
44.1774666667,294.671875,51.2109375,-1627.66270188,-250.410396895
44.2108333333,224.921875,42.91796875,-1748.54442433,-390.306308275
44.2442,168.75390625,15.22265625,-1665.47645063,-285.443722944
44.2775666667,118.18359375,19.65234375,-1686.88082751,-64.0570367133
44.3109333333,61.3203125,19.65234375,-1818.28262883,-48.6069919664
44.3443,-8.0859375,15.52734375,-1841.04632347,-25.3294882201
44.3776666667,-65.68359375,16.5703125,-1747.14283113,16.347584707
44.4110333333,-119.4609375,17.61328125,-1758.69378018,45.7029949217
44.4444,-186.7421875,18.65234375,-1663.22934878,97.6985254329
44.4777666667,-233.921875,23.515625,-1480.92142233,163.319753164
44.5111333333,-284.1875,31.84765625,-1340.55722923,173.709753788
44.5445,-320.296875,33.9296875,-1285.1634043,208.128460082
44.5778666667,-365.05078125,45.04296875,-1348.94402473,251.203874251
44.6112333333,-417.4375,53.375,-1220.87873064,222.583406177
44.6446,-452.1640625,60.3203125,-931.877367424,178.080383158
44.6779666667,-476.078125,64.8359375,-715.638528138,142.793404512
44.7113333333,-499.34375,69,-529.672150766,136.429325882
44.7447,-509.0234375,72.8203125,-424.676235223,159.287327256
44.7780666667,-525.30078125,80.11328125,-382.1341419,165.927822178
44.8114333333,-537.76171875,86.015625,-256.234650766,113.011988012
44.8448,-543.62109375,88.09765625,-89.9881368631,39.9177645271
44.8781666667,-543.62109375,88.09765625,88.9897862554,-25.8595571096
44.9115333333,-538.45703125,87.05859375,282.432411339,-104.182926449
44.9449,-524.9140625,81.1953125,466.564685315,-176.171484765
44.9782666667,-503.42578125,72.86328125,543.522232975,-180.818530428
45.0116333333,-487.453125,68.6953125,569.176916833,-164.415662463
45.045,-466.96875,62.4453125,630.219389985,-160.571850025
45.0783666667,-442.35546875,57.23828125,633.520125708,-146.064872627
45.1117333333,-430.55078125,55.1953125,801.145469114,-196.255567349
45.1451,-392.3984375,44.43359375,1080.72916667,-253.499755453
45.1784666667,-355.3671875,35.4453125,1280.20091887,-237.142414877
45.2118333333,-309.53515625,29.1953125,1514.1043852,-223.60452048
45.2452,-243.91015625,19.8203125,1471.59806339,-182.66564165
45.2785666667,-210.26953125,15.65234375,1410.19787504,-111.870551324
45.3119333333,-161.30859375,13.5703125,1694.1424461,-73.1332469614
45.3453,-100.28125,12.52734375,2088.54947136,-75.1884833916
45.3786666667,-32.61328125,7.3203125,2700.20344239,-44.0672608641
45.4120333333,101.68359375,6.97265625,2670.65616675,60.258751665
45.4454,170.73828125,11.79296875,1965.30357663,158.178410132
45.4787666667,219.390625,18.04296875,1548.60113844,244.371513903
45.5121333333,257.50390625,29.15234375,1553.32623106,293.147607601
45.5455,330.7265625,37.40234375,1435.98588911,336.343344156
45.5788666667,359.546875,53.3359375,1185.89418394,333.162930819
45.6122333333,399.08984375,60.23828125,1181.90728542,306.090393981
45.6456,438.16015625,71.5703125,1182.4080867,325.520833333
45.6789666667,486.6484375,85.4609375,979.138049451,255.613527098
45.7123333333,501.92578125,88.54296875,801.038154554,195.920615842
45.7457,535.87109375,95.79296875,730.545496171,201.90096362
45.7790666667,551.453125,100.9609375,654.335898477,240.930944056
45.8124333333,578.4140625,114.41796875,604.018377456,218.593255703
45.8458,594.6484375,115.4609375,460.880265568,186.548477564
45.8791666667,611.58203125,126.48828125,242.885369838,150.126566142
45.9125333333,611.58203125,128.53125,-7.78518356643,31.6773070679
45.9459,610.58203125,128.53125,-234.479062604,-82.9769189144
45.9792666667,594.30078125,121.3203125,-405.414897602,-156.949170621
46.0126333333,579.10546875,116.50390625,-472.840961122,-185.550126956
46.046,565.953125,110.640625,-636.804601648,-245.912941225
46.0793666667,544.7734375,99.87890625,-992.61090472,-289.479400808
46.1127333333,496.16015625,87.72265625,-1257.21934316,-242.212214868
46.1461,449.0625,83.55859375,-1185.81288503,-185.263954795
46.1794666667,420.2421875,78.6953125,-1158.307838,-216.112012987
46.2128333333,367.46484375,68.27734375,-1040.36588412,-237.178186397
46.2462,356.7421875,64.15234375,-1114.12025475,-286.884339619
46.2795666667,306.046875,48.52734375,-1536.83556027,-313.495098651
46.3129333333,247.01953125,38.8046875,-1739.50723755,-221.663102522
46.3463,183.2109375,36.375,-1768.63826278,-187.56633991
46.3796666667,114.4609375,25.9609375,-1423.22196033,-140.747923951
46.4130333333,110.3359375,25.9609375,-1616.26784674,-75.4518918581
46.4464,12.4140625,22.140625,-1961.43374854,-43.9664502164
46.4797666667,-43.8359375,23.1796875,-1747.61761676,-18.7995598152
46.5131333333,-94.87890625,22.140625,-1702.55525724,-29.1993163087
46.5465,-157.296875,20.0546875,-1615.67599068,-2.89424117549
46.5798666667,-216.2421875,21.09765625,-1255.43727106,56.6750957376
46.6132333333,-227.65625,22.140625,-1227.47044622,160.402748293
46.6466,-284.60546875,31.16796875,-1541.63219593,276.195159008
46.6799666667,-349.453125,45.40234375,-1414.19778139,266.071818806
46.7133333333,-377.578125,48.140625,-1293.99896978,261.753220738
46.7467,-428.92578125,61.3359375,-1288.68527306,280.549528596
46.7800666667,-474.4140625,70.36328125,-1009.70643939,208.951205045
46.8134333333,-497.328125,75.5703125,-692.094363969,128.351466242
46.8468,-517.42578125,77.65625,-437.482439436,75.7380640193
46.8801666667,-527.1484375,79.73828125,-200.69773976,54.0312552031
46.9135333333,-527.1484375,81.47265625,-88.6971101815,34.9260114885
46.9469,-527.84375,81.47265625,-90.6742996587,25.596148643
46.9802666667,-536.44140625,83.2109375,0.751201923076,8.79654199967
47.0136333333,-540.56640625,85.25,413.89925179,-89.4905875375
47.047,-502.453125,76.22265625,673.080175033,-161.992954962
47.0803666667,-485.828125,72.05859375,663.763320013,-168.548899018
47.1137333333,-461.9140625,65.11328125,705.93469031,-165.661161755
47.1471,-435.56640625,59.90234375,648.849848069,-130.068499209
47.1804666667,-418.98046875,56.77734375,630.401499542,-113.460757992
47.2138333333,-395.37109375,54,662.641395063,-142.03244672
47.2472,-380.828125,49.18359375,847.570398352,-216.346153846
47.2805666667,-333.60546875,36.6796875,911.724993756,-214.642128705
47.3139333333,-315.203125,32.515625,856.028736888,-145.648622211
47.3473,-284.6875,28.6953125,989.589837246,-113.041255619
47.3806666667,-246.4921875,24.875,1062.35886509,-81.8289783133
47.4140333333,-210.37890625,23.83203125,1095.06704233,-73.7283549784
47.4474,-180.2109375,20.70703125,1302.52234744,-87.8776171745
47.4807666667,-131.25390625,17.58203125,1679.14117133,-92.4921432734
47.5141333333,-56.640625,14.8046875,1805.99023372,-100.287082709
47.5475,-1.77734375,9.59765625,1673.91852939,-69.9398257992
47.5808666667,32.5546875,9.59765625,2030.76220654,-15.6126425658
47.6142333333,155.390625,8.5546875,1845.46248023,51.4264381452
47.6476,167.80859375,10.640625,1363.91277993,173.589431402
47.6809666667,220.23828125,20.70703125,1506.62488553,274.744786464
47.7143333333,276.796875,33.86328125,1459.86825674,255.675314269
47.7477,320.19921875,35.9453125,1385.03748855,275.047218407
47.7810666667,366.9921875,48.4453125,1323.57551303,380.381337413
47.8144333333,411.78515625,65.11328125,1180.55447157,386.768179737
47.8478,445.1171875,76.5703125,1054.98993194,321.729052198
47.8811666667,480.8828125,86.98828125,957.522295413,240.504937771
47.9145333333,509.703125,92.1953125,853.807650683,178.041359682
47.9479,537.44140625,94.28125,757.159507159,235.171729312
47.9812666667,558.92578125,109.2109375,655.568389943,254.748506702
48.0146333333,586.92578125,115.41796875,374.57659528,155.83700154
48.048,593.484375,120.62890625,-176.34709041,9.3851461039
48.0813666667,571.6484375,117.4609375,-635.259922369,-174.060965077
48.1147333333,545.99609375,107.0859375,-938.771514943,-292.233807859
48.1481,501.8984375,93.54296875,-1020.94520063,-283.186865218
48.1814666667,478.328125,87.640625,-1069.87738824,-242.41708812
48.2148333333,432.4921875,78.61328125,-1161.88499001,-225.484151265
48.2482,393.60546875,72.015625,-1092.74839744,-201.169273435
48.2815666667,368.33984375,65.84765625,-1260.40626041,-201.166021479
48.3149333333,313.51953125,59.9453125,-1542.16551677,-234.449794997
48.3483,261.0859375,49.875,-1730.67167208,-258.32240676
48.3816666667,199.3203125,40.84765625,-1893.6141983,-230.495416042
48.4150333333,128.18359375,34.25,-1846.52261801,-184.68510656
48.4484,62.984375,28.390625,-1496.89178009,-125.691365926
48.4817666667,41.45703125,24.265625,-1468.40139028,-28.6042082917
48.5151333333,-18.61328125,27.04296875,-1844.03161942,49.3126665002
48.5485,-102.640625,30.16796875,-1715.17284799,56.4051833583
48.5818666667,-137.671875,30.86328125,-1445.15640609,54.6263632201
48.6152333333,-188.01953125,32.9453125,-1397.92824363,71.9625426657
48.6486,-237.32421875,35.72265625,-1228.00051511,97.4123532717
48.6819666667,-269.921875,38.84765625,-1094.36461976,144.838885073
48.7153333333,-299.08984375,43.7109375,-1229.51267483,234.443291084
48.7487,-356.33984375,55.515625,-1253.78202527,289.349322552
48.7820666667,-391.37109375,65.23828125,-1063.30843636,276.331741175
48.8154333333,-425.0078125,76,-903.533315643,199.455492424
48.8488,-447.578125,78.0859375,-839.729931527,130.666859182
48.8821666667,-483.69140625,83.29296875,-716.659642441,92.7588036963
48.9155333333,-496.49609375,84.3359375,-545.125447469,54.2101128039
48.9489,-521.49609375,89.54296875,-321.03638549,-44.9192734349
48.9822666667,-522.49609375,79.78125,29.1147654429,-106.091824842
49.0156333333,-514.81640625,79.78125,252.150193556,-93.3148882368
49.049,-505.83203125,75.65625,451.335773601,-120.884974401
49.0823666667,-480.828125,69.75,530.706272894,-98.0107132451
49.1157333333,-465.59375,68.75,488.014589577,-72.0568494006
49.1491,-455.953125,67.7109375,621.279761905,-110.270588786
49.1824666667,-423.74609375,60.41796875,747.130473693,-129.466887279
49.2158333333,-398.74609375,57.29296875,742.063925658,-113.015239968
49.2492,-382.42578125,55.55859375,958.572677323,-163.040084915
49.2825666667,-347.7421875,47.5703125,1487.26273726,-241.1065497
49.3159333333,-270.7421875,37.15234375,1699.0398924,-257.564700924
49.3493,-222.5625,29.16796875,1557.24809045,-228.375140485
49.3826666667,-170.94921875,20.83203125,1472.09236076,-159.297083125
49.4160333333,-118.90625,17.70703125,1284.59431194,-69.0910651848
49.4494,-96.50390625,17.70703125,1417.16031364,-18.2044517982
49.4827666667,-35.0859375,17.70703125,1803.29761384,-0.874776265401
49.5161333333,39.875,16.66796875,1793.40516255,35.4398205961
49.5495,92.875,19.79296875,1555.42699488,75.8583864053
49.5828666667,132.41796875,22.875,1550.64987096,91.1783528971
49.6162333333,196.91796875,26,1534.15920017,109.148663836
49.6496,242.9765625,28.0859375,1337.38006785,178.337287712
49.6829666667,281.86328125,37.11328125,1250.42925824,265.356388403
49.7163333333,320.71484375,48.91796875,1299.4915241,272.006639194
49.7497,369.9375,55.86328125,1305.82958708,254.663955836
49.7830666667,415.73046875,64.54296875,1113.32027348,269.629459083
49.8164333333,446.9375,74.61328125,844.991596945,264.514131702
49.8498,461.17578125,80.86328125,842.640432484,288.461538462
49.8831666667,504.80078125,96.40625,825.450591076,251.636384449
49.9165333333,522.12109375,98.140625,664.390947594,199.341673951
49.9499,542.17578125,105.43359375,645.054814977,242.859354187
49.9832666667,573.0390625,118.8515625,414.387045246,170.945590867
50.0166333333,573.0390625,118.8515625,95.4644314019,41.6413014069
50.05,573.0390625,118.8515625,-70.9771998834,-26.9782301032
50.0833666667,572.0390625,118.8515625,-312.100009366,-128.728693182
50.1167333333,547.203125,107.90625,-422.994973776,-157.622325591
50.1501,543.42578125,105.86328125,-523.428394522,-121.291468948
50.1834666667,519.5078125,101.6953125,-778.999646187,-127.197021728
50.2168333333,483.05078125,97.87890625,-827.131852522,-147.973771021
50.2502,460.51953125,91.97265625,-825.36604021,-186.398887571
50.2835666667,439.73046875,85.72265625,-1115.21616404,-235.009131494
50.3169333333,395.6328125,78.0859375,-1611.03544893,-319.371383825
50.3503,313.50390625,62.1953125,-1609.4419903,-334.112502081
50.3836666667,272.53125,51.43359375,-1216.12437042,-243.646327631
50.4170333333,247.87890625,47.61328125,-1226.90460581,-195.166161963
50.4504,210.7265625,44.8359375,-1751.61427115,-292.85167957
50.4837666667,124.265625,24.04296875,-2080.24722673,-287.115228521
50.5171333333,45.83203125,17.48828125,-1756.34261572,-79.5070814602
50.5505,2.08203125,24.390625,-1261.30705232,-8.80304591242
50.5838666667,-4.8203125,22.34765625,-1557.59604978,-78.2875978188
50.6172333333,-115.546875,16.4453125,-1576.13220113,-88.6353230103
50.6506,-129.046875,13.3203125,-1188.23884449,-7.76241987179
50.6839666667,-163.421875,14.015625,-1538.21113782,130.914007867
50.7173333333,-232.8671875,23.390625,-1815.41440331,225.02237346
50.7507,-310.21484375,33.8046875,-1471.702126,188.880130286
50.7840666667,-334.1328125,36.890625,-996.139277389,123.236138861
50.8174333333,-359.828125,37.9296875,-922.921479562,154.676053114
50.8508,-396.24609375,46.9609375,-887.813358517,199.865238928
50.8841666667,-423.328125,54.2109375,-780.014256577,175.595888487
50.9175333333,-443.12109375,57.3359375,-775.399730478,175.89832043
50.9509,-478.19140625,66.015625,-680.26374667,169.036692474
50.9842666667,-494.12109375,70.18359375,-440.815694722,123.844254704
51.0176333333,-503.84375,73.30859375,-279.827594281,99.968390984
51.051,-512.83203125,77.0859375,-110.537249209,68.0406832751
51.0843666667,-512.83203125,78.0859375,90.3263403263,30.1716512654
51.1177333333,-506.9296875,79.0859375,288.842017358,-10.1786234599
51.1511,-491.6484375,78.04296875,428.90703047,-68.1187302281
51.1844666667,-475.328125,74.22265625,502.563842408,-119.083390568
51.2178333333,-460.05078125,70.05859375,627.530022061,-164.002664003
51.2512,-440.38671875,63.11328125,908.505556943,-197.10757992
51.2845666667,-393.16015625,54.8203125,1005.5764548,-170.09032634
51.3179333333,-363.078125,51.73828125,826.741617757,-139.739817474
51.3513,-339.1171875,45.875,657.470784424,-122.224780428
51.3846666667,-326.0078125,44.8359375,668.725805445,-142.074722153
51.4180333333,-296.4921875,37.54296875,773.35099796,-192.636139902
51.4514,-274.26953125,30.25,914.915162962,-197.59212142
51.4847666667,-239.9375,23.61328125,1171.80996087,-179.387669622
51.5181333333,-197.3125,18.40234375,1429.96651786,-157.401192557
51.5515,-135.19921875,13.1953125,1417.04324322,-133.876540127
51.5848666667,-94.921875,9.02734375,1176.02124438,-98.000957376
51.6182333333,-59.50390625,5.90234375,990.578431985,-45.9533955628
51.6516,-34.93359375,6.9453125,1013.38440206,-22.5425616051
51.6849666667,4.3046875,5.90234375,1162.00856435,-37.3161994256
51.7183333333,34.1640625,3.8203125,1511.16136468,-34.516264985
51.7517,120.54296875,1.73828125,1485.76033342,20.6531749501
51.7850666667,138.86328125,4.8203125,1297.02328921,96.3749791875
51.8184333333,188.16796875,8.29296875,1543.56710997,176.682041916
51.8518,255.87890625,15.58203125,1437.69967012,282.90719697
51.8851666667,288.51953125,27.390625,1237.75638424,375.500150891
51.9185333333,331.2265625,42.23828125,1223.71443661,425.700601482
51.9519,367.25390625,57.43359375,1328.21605478,434.799575425
51.9852666667,410.26953125,68.54296875,1655.88643128,496.921698094
52.0186333333,486.3125,90.375,1697.81390485,548.52699384
52.052,546.56640625,112.16796875,1090.54682297,401.779210373
52.0853666667,560.0234375,118.03125,410.614775849,214.603105228
52.1187333333,565.66015625,126.7109375,-55.1434242841,16.002877331
52.1521,547.6484375,116.640625,-245.031661047,-105.125993798
52.1854666667,547.6484375,116.640625,-348.336559274,-132.166011072
52.2188333333,528.203125,108.6953125,-522.576381951,-169.774886572
52.2522,509.80078125,104.53125,-600.1908248,-177.755187521
52.2855666667,484.1875,97.3203125,-574.903612013,-196.066953879
52.3189333333,468.953125,89.72265625,-532.709478022,-179.657582001
52.3523,458.92578125,86.25,-796.231763029,-193.133689227
52.3856666667,432.53515625,81.73828125,-1477.26947532,-322.135546745
52.4190333333,347.46484375,60.90234375,-1809.78851877,-356.485961955
52.4524,291.296875,53.65234375,-1584.5807838,-278.777212371
52.4857666667,245.80859375,46.7109375,-1408.62392816,-292.607782842
52.5191333333,205.53125,32.90234375,-1451.17577735,-269.200200841
52.5525,151.4453125,25.61328125,-1610.43058504,-181.569732351
52.5858666667,100.4453125,22.875,-1824.17842574,-136.965898685
52.6192333333,26.13671875,19.75,-1902.04977314,-166.46439498
52.6526,-38.36328125,6.6796875,-1665.83741779,-72.6096819847
52.6859666667,-85.93359375,13.625,-1400.16233766,53.3353365385
52.7193333333,-117.796875,14.66796875,-1476.10852689,71.8422202797
52.7527,-186.19921875,18.140625,-1516.10759033,88.5865436647
52.7860666667,-229.51953125,19.875,-1288.36332938,112.566469988
52.8194333333,-271.10546875,25.8203125,-1083.5746285,140.803207209
52.8528,-298.4921875,29.640625,-956.595487845,158.084103397
52.8861666667,-327.2734375,34.8046875,-1027.28651557,207.708957709
52.9195333333,-375.41015625,45.91796875,-895.166031885,194.385692433
52.9529,-392.078125,49.04296875,-647.880765068,152.181802572
52.9862666667,-408.31640625,53.2109375,-653.285516567,180.516098485
53.0196333333,-433.6640625,60.4609375,-718.285620629,227.617434649
53.053,-461.3984375,69.8359375,-656.472433816,236.296906219
53.0863666667,-479.76171875,77.125,-494.911989053,200.899361056
53.1197333333,-497.42578125,85.4609375,-230.823863636,96.9603313353
53.1531,-498.42578125,86.15625,110.273840743,-69.9430777556
53.1864666667,-484.2734375,76.8203125,288.575356935,-128.367726024
53.2198333333,-474.328125,74.6953125,321.290038087,-98.3131451881
53.2532,-463.609375,70.875,355.598177864,-72.6422015485
53.2865666667,-451.453125,69.8359375,403.785667458,-50.8508418665
53.3199333333,-438.38671875,69.8359375,498.928155178,-95.792878996
53.3533,-414.81640625,63.5859375,522.322729354,-148.581886863
53.3866666667,-404.78515625,58.41796875,573.677624459,-163.309997294
53.4200333333,-381.21875,53.25,744.974426615,-185.283466533
53.4534,-349.3125,44.91796875,781.715029762,-176.151973027
53.4867666667,-331.953125,41.4453125,873.924252831,-165.892050658
53.5201333333,-291.3671875,35.1953125,933.708218864,-182.987585331
53.5535,-259.46484375,27.90234375,736.925834582,-165.635146104
53.5868666667,-241.796875,22.6953125,558.182052323,-117.610254329
53.6202333333,-234.58984375,22,722.005858725,-120.107756827
53.6536,-202.33984375,16.79296875,1156.34040439,-175.625156094
53.6869666667,-152.421875,8.5,1476.0109682,-176.603994963
53.7203333333,-100.3359375,2.25,1669.21945242,-98.8822375541
53.7537,-34.36328125,-0.22265625,1648.03946054,34.5455325924
53.7870666667,12.47265625,8.11328125,1535.05999209,84.7264714452
53.8204333333,63.51171875,7.765625,1519.72051386,68.5967678155
53.8538,114.20703125,7.72265625,1491.36345425,162.262867341
53.8871666667,166.98828125,21.9609375,1388.26342928,176.922686688
53.9205333333,205.48828125,21.61328125,1327.43558525,149.798118548
53.9539,246.7265625,26.4296875,1479.28894023,253.034725691
53.9872666667,308.87890625,39.625,1504.24770542,323.904611014
54.0206333333,356.3671875,51.77734375,1295.16642212,303.761993215
54.054,392.4765625,60.11328125,1139.08877581,275.951262279
54.0873666667,426.16015625,67.40625,1123.6354791,316.363324176
54.1207333333,470.5625,79.16796875,1032.52866925,405.96447823
54.1541,501.8125,98.61328125,770.573827214,386.05600129
54.1874666667,519.48046875,107.640625,561.437260656,282.689315892
54.2208333333,534.7578125,115.9765625,467.644334832,204.346434815
54.2542,552.03515625,121.87890625,345.100862679,110.836429196
54.2875666667,559.6328125,122.5703125,164.614031802,40.9031073094
54.3209333333,565.84375,124.61328125,-100.153752497,-27.4757794289
54.3543,553.3828125,121.48828125,-371.16529304,-106.878798285
54.3876666667,537.0625,115.62890625,-518.729317557,-132.117231727
54.4210333333,515.62109375,111.4609375,-568.334660132,-117.350097819
54.4544,497.2578125,107.68359375,-553.661182567,-92.4563717532
54.4877666667,482.1484375,104.90625,-619.687929258,-56.0263304404
54.5211333333,455.10546875,104.90625,-716.549075924,-24.7864115052
